{"cameraMode":{"drawMode":0,"name":"Shaded","section":"Shading Mode"},"sceneLighting":true,"audioPlay":false,"sceneViewState":{"showFog":true,"showMaterialUpdate":false,"showSkybox":true,"showFlares":true,"showImageEffects":true,"showParticleSystems":true},"in2DMode":false,"pivot":{"x":-14.320127487182618,"y":1.0351797342300416,"z":-9.352210998535157},"rotation":{"x":0.01596646010875702,"y":0.31261882185935976,"z":-0.005255702417343855,"w":0.9497299790382385},"size":1.504791021347046,"orthographic":false}